[
  {
    "name": "1iSolution",
    "zip_code": "75859",
    "city": "Streetman",
    "state": "TX"
  },
  {
    "name": "4addy llc",
    "zip_code": "71106",
    "city": "Shreveport",
    "state": "LA"
  },
  {
    "name": "A Copper Tree",
    "zip_code": "60014",
    "city": "Crystal Lake",
    "state": "IL"
  },
  {
    "name": "A Notch Above",
    "zip_code": "98103",
    "city": "Seattle",
    "state": "WA"
  },
  {
    "name": "ABI Computers, Inc.",
    "zip_code": "12180",
    "city": "Troy",
    "state": "NY"
  },
  {
    "name": "Abundant Content",
    "zip_code": "96067",
    "city": "Mount Shasta",
    "state": "CA"
  },
  {
    "name": "Acupuncture and Wellness Clinic",
    "zip_code": "95945",
    "city": "Grass Valley",
    "state": "CA"
  },
  {
    "name": "Advanced Surfaces and Processes Inc.",
    "zip_code": "97113",
    "city": "Cornelius",
    "state": "OR"
  },
  {
    "name": "Agent Web Dev",
    "zip_code": "91606",
    "city": "North Hollywood",
    "state": "CA"
  },
  {
    "name": "Alternative Marketing Masters",
    "zip_code": "12189",
    "city": "Watervliet",
    "state": "NY"
  },
  {
    "name": "Americana Highways.org",
    "zip_code": "21703-5830",
    "city": "Frederick",
    "state": "MD"
  },
  {
    "name": "Ampion, Inc.",
    "zip_code": "02116",
    "city": "Boston",
    "state": "MA"
  },
  {
    "name": "Animals Are Sentient Beings, Inc.",
    "zip_code": "02472",
    "city": "Watertown",
    "state": "MA"
  },
  {
    "name": "Architangent LLC",
    "zip_code": "77019",
    "city": "Houston",
    "state": "TX"
  },
  {
    "name": "ARSIntel, LLC",
    "zip_code": "89002-9177",
    "city": "Henderson",
    "state": "NV"
  },
  {
    "name": "As You Like It; The Pleasure Shop",
    "zip_code": "97402",
    "city": "Eugene",
    "state": "OR"
  },
  {
    "name": "Athon Web Designs",
    "zip_code": "01104",
    "city": "Springfield",
    "state": "MA"
  },
  {
    "name": "Audiology & Hearing Health",
    "zip_code": "37072",
    "city": "Goodlettsville",
    "state": "TN"
  },
  {
    "name": "Beachy Keen Rentals",
    "zip_code": "92024",
    "city": "Encinitas",
    "state": "CA"
  },
  {
    "name": "Bel Air Internet",
    "zip_code": "91403",
    "city": "Sherman Oaks",
    "state": "CA"
  },
  {
    "name": "Benson ProServices LLC",
    "zip_code": "84074",
    "city": "Tooele",
    "state": "UT"
  },
  {
    "name": "BentonWebs",
    "zip_code": "92003",
    "city": "Bonsall",
    "state": "CA"
  },
  {
    "name": "Berkshire Hathaway homeServices Lovejoy Realty",
    "zip_code": "55124",
    "city": "Saint Paul",
    "state": "MN"
  },
  {
    "name": "Bert's Vintage N Collectible Goodies",
    "zip_code": "20740",
    "city": "College Park",
    "state": "MD"
  },
  {
    "name": "Better Speech Now, LLC",
    "zip_code": "11106-4248",
    "city": "Astoria",
    "state": "NY"
  },
  {
    "name": "Black Hills Computer Consulting, Inc.",
    "zip_code": "57702-4260",
    "city": "Rapid City",
    "state": "SD"
  },
  {
    "name": "Bohannon Eberts Design",
    "zip_code": "94710",
    "city": "Berkeley",
    "state": "CA"
  },
  {
    "name": "Book Depot",
    "zip_code": "81052",
    "city": "Lamar",
    "state": "CO"
  },
  {
    "name": "Book Universe, Inc.",
    "zip_code": "97401-4261",
    "city": "Eugene",
    "state": "OR"
  },
  {
    "name": "Boortz PR Communications",
    "zip_code": "95030",
    "city": "Los Gatos",
    "state": "CA"
  },
  {
    "name": "Botanica Design Studio",
    "zip_code": "33606",
    "city": "Tampa",
    "state": "FL"
  },
  {
    "name": "Brenda's Healing and Teaching",
    "zip_code": "28787",
    "city": "Weaverville",
    "state": "NC"
  },
  {
    "name": "Brian persico",
    "zip_code": "12496",
    "city": "Windham",
    "state": "NY"
  },
  {
    "name": "Brian's Web Studio",
    "zip_code": "20010",
    "city": "Washington",
    "state": "DC"
  },
  {
    "name": "Brigade",
    "zip_code": "94107",
    "city": "San Francisco",
    "state": "CA"
  },
  {
    "name": "Brooklyn Poets",
    "zip_code": "11211",
    "city": "Brooklyn",
    "state": "NY"
  },
  {
    "name": "Bublitz & Koch Construction",
    "zip_code": "97130",
    "city": "Manzanita",
    "state": "OR"
  },
  {
    "name": "C. Wolfe Software Engeering AND Pony Named Bill Tack Shop",
    "zip_code": "91342",
    "city": "Sylmar",
    "state": "CA"
  },
  {
    "name": "Cady Carlson Designs",
    "zip_code": "74145",
    "city": "Tulsa",
    "state": "OK"
  },
  {
    "name": "Cafe Paradiso",
    "zip_code": "52556",
    "city": "Fairfield",
    "state": "IA"
  },
  {
    "name": "Cafe Paradiso",
    "zip_code": "52556",
    "city": "Fairfield",
    "state": "IA"
  },
  {
    "name": "Cartoonland",
    "zip_code": "94117",
    "city": "San Francisco",
    "state": "CA"
  },
  {
    "name": "Ceilume",
    "zip_code": "95444",
    "city": "Graton",
    "state": "CA"
  },
  {
    "name": "Change.org",
    "zip_code": "94115",
    "city": "San Francisco",
    "state": "CA"
  },
  {
    "name": "Cheryl Elkins Jewelry",
    "zip_code": "92105",
    "city": "San Diego",
    "state": "CA"
  },
  {
    "name": "ChoreoNova Inc.",
    "zip_code": "22911",
    "city": "Charlottesville",
    "state": "VA"
  },
  {
    "name": "Chris Garcia Studio",
    "zip_code": "91505",
    "city": "Burbank",
    "state": "CA"
  },
  {
    "name": "Coastwalker Art Works",
    "zip_code": "04981-4018",
    "city": "Stockton Springs",
    "state": "ME"
  },
  {
    "name": "Colorado pool and spa care",
    "zip_code": "80246",
    "city": "Denver",
    "state": "CO"
  },
  {
    "name": "Compass Rose Consulting, LLC",
    "zip_code": "07860",
    "city": "Newton",
    "state": "NJ"
  },
  {
    "name": "CONCURRENT PROCESSING INC",
    "zip_code": "70117",
    "city": "New Orleans",
    "state": "LA"
  },
  {
    "name": "Corporate Host Services",
    "zip_code": "92677",
    "city": "Laguna Niguel",
    "state": "CA"
  },
  {
    "name": "CREED Connections",
    "zip_code": "80203",
    "city": "Denver",
    "state": "CO"
  },
  {
    "name": "Crisp Solutions, LLC",
    "zip_code": "50310",
    "city": "Des Moines",
    "state": "IA"
  },
  {
    "name": "CUNY",
    "zip_code": "10003",
    "city": "New York",
    "state": "NY"
  },
  {
    "name": "CY Design Studio",
    "zip_code": "27607",
    "city": "Raleigh",
    "state": "NC"
  },
  {
    "name": "Daisy & Fox",
    "zip_code": "27607",
    "city": "Raleigh",
    "state": "NC"
  },
  {
    "name": "DangerTV",
    "zip_code": "10708",
    "city": "Bronxville",
    "state": "NY"
  },
  {
    "name": "Dapper Designs",
    "zip_code": "71111",
    "city": "Bossier City",
    "state": "LA"
  },
  {
    "name": "Darlyne's Travel Service, LLC",
    "zip_code": "97006",
    "city": "Beaverton",
    "state": "OR"
  },
  {
    "name": "Dean Nixon Design",
    "zip_code": "78741",
    "city": "Austin",
    "state": "TX"
  },
  {
    "name": "Deborah Squier Fine Art",
    "zip_code": "28801",
    "city": "Asheville",
    "state": "NC"
  },
  {
    "name": "Del Norte Medical Imaging",
    "zip_code": "95531",
    "city": "Crescent City",
    "state": "CA"
  },
  {
    "name": "Dept of Energy",
    "zip_code": "98012",
    "city": "Bothell",
    "state": "WA"
  },
  {
    "name": "DeRep Ltd",
    "zip_code": "LS20 8JZ"
  },
  {
    "name": "Des Moines Bicycle Collective",
    "zip_code": "50309",
    "city": "Des Moines",
    "state": "IA"
  },
  {
    "name": "Design to Print",
    "zip_code": "59801",
    "city": "Missoula",
    "state": "MT"
  },
  {
    "name": "Domainr",
    "zip_code": "94117",
    "city": "San Francisco",
    "state": "CA"
  },
  {
    "name": "Dr. Stephen McConnell",
    "zip_code": "45432",
    "city": "Dayton",
    "state": "OH"
  },
  {
    "name": "Drewpert Agency",
    "zip_code": "37179",
    "city": "Thompsons Station",
    "state": "TN"
  },
  {
    "name": "Drock’s Games & More",
    "zip_code": "46514",
    "city": "Elkhart",
    "state": "IN"
  },
  {
    "name": "Drops-Everything Scenic",
    "zip_code": "37206",
    "city": "Nashville",
    "state": "TN"
  },
  {
    "name": "Eastern Wind Glass",
    "zip_code": "98312",
    "city": "Bremerton",
    "state": "WA"
  },
  {
    "name": "EAZYXP",
    "zip_code": "92882",
    "city": "Corona",
    "state": "CA"
  },
  {
    "name": "Echo Lake Lodge & Cottages",
    "zip_code": "04349",
    "city": "Kents Hill",
    "state": "ME"
  },
  {
    "name": "ECS",
    "zip_code": "98332",
    "city": "Gig Harbor",
    "state": "WA"
  },
  {
    "name": "Edutuit",
    "zip_code": "32922",
    "city": "Cocoa",
    "state": "FL"
  },
  {
    "name": "Ellem Ireland Inc",
    "zip_code": "33981",
    "city": "Port Charlotte",
    "state": "FL"
  },
  {
    "name": "Elvi Design",
    "zip_code": "80015",
    "city": "Aurora",
    "state": "CO"
  },
  {
    "name": "Emily Plants",
    "zip_code": "53716",
    "city": "Madison",
    "state": "WI"
  },
  {
    "name": "Empire West",
    "zip_code": "95444",
    "city": "Graton",
    "state": "CA"
  },
  {
    "name": "Energy Arts",
    "zip_code": "96753",
    "city": "Kihei",
    "state": "HI"
  },
  {
    "name": "Eric A. Wessman, Photographer, LLC",
    "zip_code": "10803-1013",
    "city": "Pelham",
    "state": "NY"
  },
  {
    "name": "Etsy Seller (ValleyPhoto), Multi-Disciplinary Freelancer",
    "zip_code": "01027",
    "city": "Easthampton",
    "state": "MA"
  },
  {
    "name": "Eyeglass Express Optical",
    "zip_code": "77081",
    "city": "Houston",
    "state": "TX"
  },
  {
    "name": "Fent's Post Productions LLC",
    "zip_code": "67401",
    "city": "Salina",
    "state": "KS"
  },
  {
    "name": "Fiedler on the Roof Construction",
    "zip_code": "78758",
    "city": "Austin",
    "state": "TX"
  },
  {
    "name": "Fino Consulting",
    "zip_code": "10016",
    "city": "New York",
    "state": "NY"
  },
  {
    "name": "FitFizz",
    "zip_code": "60504",
    "city": "Aurora",
    "state": "IL"
  },
  {
    "name": "Five Star Computer Care",
    "zip_code": "14224",
    "city": "Buffalo",
    "state": "NY"
  },
  {
    "name": "fix interiors",
    "zip_code": "94110",
    "city": "San Francisco",
    "state": "CA"
  },
  {
    "name": "FosterArchitecture",
    "zip_code": "11937",
    "city": "East Hampton",
    "state": "NY"
  },
  {
    "name": "Frank Bellamy Tutoring",
    "zip_code": "22182",
    "city": "Vienna",
    "state": "VA"
  },
  {
    "name": "Freeborn Designs",
    "zip_code": "95620",
    "city": "Dixon",
    "state": "CA"
  },
  {
    "name": "French Truck LLC",
    "zip_code": "70130",
    "city": "New Orleans",
    "state": "LA"
  },
  {
    "name": "Freydesign Productions",
    "zip_code": "60640",
    "city": "Chicago",
    "state": "IL"
  },
  {
    "name": "Full Circle Designs LLC",
    "zip_code": "53960",
    "city": "Rio",
    "state": "WI"
  },
  {
    "name": "Fusionlab, inc",
    "zip_code": "12414",
    "city": "Catskill",
    "state": "NY"
  },
  {
    "name": "FWR llc",
    "zip_code": "80443",
    "city": "Frisco",
    "state": "CO"
  },
  {
    "name": "fydbac, llc",
    "zip_code": "98660",
    "city": "Vancouver",
    "state": "WA"
  },
  {
    "name": "Gain Compliance, Inc.",
    "zip_code": "50309",
    "city": "Des Moines",
    "state": "IA"
  },
  {
    "name": "Gaming Technologies",
    "zip_code": "48439",
    "city": "Grand Blanc",
    "state": "MI"
  },
  {
    "name": "Global Capital Funding Group, LLC",
    "zip_code": "19522-9129",
    "city": "Fleetwood",
    "state": "PA"
  },
  {
    "name": "Goatshark Enterprises, LLC",
    "zip_code": "51106",
    "city": "Sioux City",
    "state": "IA"
  },
  {
    "name": "Great Northern Landholding and Mining Company, Inc.",
    "zip_code": "53020",
    "city": "Elkhart Lake",
    "state": "WI"
  },
  {
    "name": "Great Patience Zen Stitchery",
    "zip_code": "900364020"
  },
  {
    "name": "Green Market",
    "zip_code": "76205",
    "city": "Denton",
    "state": "TX"
  },
  {
    "name": "Greenhouse Cary LLC",
    "zip_code": "27518",
    "city": "Cary",
    "state": "NC"
  },
  {
    "name": "Grouchy Girl Studios",
    "zip_code": "06825",
    "city": "Fairfield",
    "state": "CT"
  },
  {
    "name": "Hampton Pet Chef",
    "zip_code": "11542",
    "city": "Glen Cove",
    "state": "NY"
  },
  {
    "name": "Hana Consulting  LLC",
    "zip_code": "77845",
    "city": "College Station",
    "state": "TX"
  },
  {
    "name": "Handmade Interactive LLC",
    "zip_code": "90042",
    "city": "Los Angeles",
    "state": "CA"
  },
  {
    "name": "Handshakin.com",
    "zip_code": "80222",
    "city": "Denver",
    "state": "CO"
  },
  {
    "name": "Happy Goat Productions",
    "zip_code": "98249",
    "city": "Freeland",
    "state": "WA"
  },
  {
    "name": "Happy Lucky's, LLC",
    "zip_code": "80524",
    "city": "Fort Collins",
    "state": "CO"
  },
  {
    "name": "Haram Restoration, Inc.",
    "zip_code": "55432",
    "city": "Minneapolis",
    "state": "MN"
  },
  {
    "name": "Healing Connections",
    "zip_code": "27510",
    "city": "Carrboro",
    "state": "NC"
  },
  {
    "name": "Heartfocus Counseling",
    "zip_code": "80004",
    "city": "Arvada",
    "state": "CO"
  },
  {
    "name": "Heather V’s Cafe",
    "zip_code": "70810",
    "city": "Baton Rouge",
    "state": "LA"
  },
  {
    "name": "Helix Academy",
    "zip_code": "52401",
    "city": "Cedar Rapids",
    "state": "IA"
  },
  {
    "name": "Hels Kitchen Catering",
    "zip_code": "60035",
    "city": "Highland Park",
    "state": "IL"
  },
  {
    "name": "Horst Gruner Construction, Inc.",
    "zip_code": "94014",
    "city": "Daly City",
    "state": "CA"
  },
  {
    "name": "House of Color",
    "zip_code": "83617",
    "city": "Emmett",
    "state": "ID"
  },
  {
    "name": "I R Meyers Photography",
    "zip_code": "92024",
    "city": "Encinitas",
    "state": "CA"
  },
  {
    "name": "ICT Group",
    "zip_code": "33178",
    "city": "Miami",
    "state": "FL"
  },
  {
    "name": "Image Architects",
    "zip_code": "30033-5434",
    "city": "Decatur",
    "state": "GA"
  },
  {
    "name": "Imaginal Marketing Group",
    "zip_code": "70119",
    "city": "New Orleans",
    "state": "LA"
  },
  {
    "name": "IMC Ltd",
    "zip_code": "83704",
    "city": "Boise",
    "state": "ID"
  },
  {
    "name": "InfoLink USA, Inc.",
    "zip_code": "70508",
    "city": "Lafayette",
    "state": "LA"
  },
  {
    "name": "InfoSurf Consulting",
    "zip_code": "97459",
    "city": "North Bend",
    "state": "OR"
  },
  {
    "name": "Intuitiv Designs",
    "zip_code": "33411",
    "city": "West Palm Beach",
    "state": "FL"
  },
  {
    "name": "IPVanish VPN",
    "zip_code": "32789",
    "city": "Winter Park",
    "state": "FL"
  },
  {
    "name": "J Barham",
    "zip_code": "10033",
    "city": "New York",
    "state": "NY"
  },
  {
    "name": "J. Parham Dentistry",
    "zip_code": "72762",
    "city": "Springdale",
    "state": "AR"
  },
  {
    "name": "JA Autowerks LLC",
    "zip_code": "07702",
    "city": "Shrewsbury",
    "state": "NJ"
  },
  {
    "name": "Jacob Murphy Photography",
    "zip_code": "11221",
    "city": "Brooklyn",
    "state": "NY"
  },
  {
    "name": "Jamie Mitchell Consulting, Inc.",
    "zip_code": "55024",
    "city": "Farmington",
    "state": "MN"
  },
  {
    "name": "Jason & Fischer",
    "zip_code": "02447",
    "city": "Brookline Village",
    "state": "MA"
  },
  {
    "name": "JazzHR",
    "zip_code": "02451",
    "city": "Waltham",
    "state": "MA"
  },
  {
    "name": "JB Wood Group LLC",
    "zip_code": "78758",
    "city": "Austin",
    "state": "TX"
  },
  {
    "name": "JBL Asset Management",
    "zip_code": "33020",
    "city": "Hollywood",
    "state": "FL"
  },
  {
    "name": "JNV Properties LLC",
    "zip_code": "20171",
    "city": "Herndon",
    "state": "VA"
  },
  {
    "name": "jwtGroup",
    "zip_code": "05701",
    "city": "Rutland",
    "state": "VT"
  },
  {
    "name": "KCS Computer",
    "zip_code": "14569",
    "city": "Warsaw",
    "state": "NY"
  },
  {
    "name": "Kickback",
    "zip_code": "95010",
    "city": "Capitola",
    "state": "CA"
  },
  {
    "name": "Kids Dance Sport Llc",
    "zip_code": "11215",
    "city": "Brooklyn",
    "state": "NY"
  },
  {
    "name": "Klinger Creative",
    "zip_code": "95818",
    "city": "Sacramento",
    "state": "CA"
  },
  {
    "name": "Knighthawk Armoury LLC",
    "zip_code": "75094",
    "city": "Plano",
    "state": "TX"
  },
  {
    "name": "Kuan Yin Acupuncture",
    "zip_code": "87108",
    "city": "Albuquerque",
    "state": "NM"
  },
  {
    "name": "Langelan & Associates",
    "zip_code": "20815",
    "city": "Chevy Chase",
    "state": "MD"
  },
  {
    "name": "Laseronix",
    "zip_code": "96753",
    "city": "Kihei",
    "state": "HI"
  },
  {
    "name": "Launch Pad",
    "zip_code": "70115",
    "city": "New Orleans",
    "state": "LA"
  },
  {
    "name": "Lauren dillon photography",
    "zip_code": "59739",
    "city": "Lima",
    "state": "MT"
  },
  {
    "name": "Lemurian Art",
    "zip_code": "80301",
    "city": "Boulder",
    "state": "CO"
  },
  {
    "name": "Lifestage, Inc",
    "zip_code": "11784",
    "city": "Selden",
    "state": "NY"
  },
  {
    "name": "Lillians Music Store",
    "zip_code": "55407",
    "city": "Minneapolis",
    "state": "MN"
  },
  {
    "name": "Logos World Inc",
    "zip_code": "94611",
    "city": "Oakland",
    "state": "CA"
  },
  {
    "name": "Love8",
    "zip_code": "10027",
    "city": "New York",
    "state": "NY"
  },
  {
    "name": "Loxley and Leaf",
    "zip_code": "06416",
    "city": "Cromwell",
    "state": "CT"
  },
  {
    "name": "Lumi Agency, LLC",
    "zip_code": "06103",
    "city": "Hartford",
    "state": "CT"
  },
  {
    "name": "Lwrncbrn, llc",
    "zip_code": "12529",
    "city": "Hillsdale",
    "state": "NY"
  },
  {
    "name": "Mama?s Belly",
    "zip_code": "80110",
    "city": "Englewood",
    "state": "CO"
  },
  {
    "name": "Managed Technical Solutions",
    "zip_code": "61109",
    "city": "Rockford",
    "state": "IL"
  },
  {
    "name": "Margaret Andem ARNP, LC",
    "zip_code": "32447",
    "city": "Marianna",
    "state": "FL"
  },
  {
    "name": "Marshall Pool Supplies",
    "zip_code": "48442",
    "city": "Holly",
    "state": "MI"
  },
  {
    "name": "Mary Veal Photography",
    "zip_code": "33040",
    "city": "Key West",
    "state": "FL"
  },
  {
    "name": "MHKentEnterprizes",
    "zip_code": "34691",
    "city": "Holiday",
    "state": "FL"
  },
  {
    "name": "Michael Miller, Ph.D, LLC",
    "zip_code": "33133",
    "city": "Miami",
    "state": "FL"
  },
  {
    "name": "Moss Veterinary Referrals",
    "zip_code": "28168",
    "city": "Vale",
    "state": "NC"
  },
  {
    "name": "Move Beyond Limits",
    "zip_code": "98008",
    "city": "Bellevue",
    "state": "WA"
  },
  {
    "name": "Mu Mu Muesli",
    "zip_code": "12345",
    "city": "Schenectady",
    "state": "NY"
  },
  {
    "name": "Narrow Bridge Candles",
    "zip_code": "95425",
    "city": "Cloverdale",
    "state": "CA"
  },
  {
    "name": "Nature's Health Shoppe",
    "zip_code": "70570-5819",
    "city": "Opelousas",
    "state": "LA"
  },
  {
    "name": "Navegate",
    "zip_code": "55101",
    "city": "Saint Paul",
    "state": "MN"
  },
  {
    "name": "Nearsoft, Inc",
    "zip_code": "95124",
    "city": "San Jose",
    "state": "CA"
  },
  {
    "name": "Neko-Chan Trading Company",
    "zip_code": "48197",
    "city": "Ypsilanti",
    "state": "MI"
  },
  {
    "name": "nerdworker.com",
    "zip_code": "76248",
    "city": "Keller",
    "state": "TX"
  },
  {
    "name": "netBlazr",
    "zip_code": "02134",
    "city": "Allston",
    "state": "MA"
  },
  {
    "name": "Network Dynamics Associates LLC",
    "zip_code": "06883",
    "city": "Weston",
    "state": "CT"
  },
  {
    "name": "New Games",
    "zip_code": "54114",
    "city": "Crivitz",
    "state": "WI"
  },
  {
    "name": "Nonlinear Technologies, Inc.",
    "zip_code": "90807",
    "city": "Long Beach",
    "state": "CA"
  },
  {
    "name": "Oakland Symphony",
    "zip_code": "94601",
    "city": "Oakland",
    "state": "CA"
  },
  {
    "name": "Odin Engineering",
    "zip_code": "33710",
    "city": "Saint Petersburg",
    "state": "FL"
  },
  {
    "name": "One of a Kind",
    "zip_code": "97089",
    "city": "Damascus",
    "state": "OR"
  },
  {
    "name": "Only Connect...Publications",
    "zip_code": "53711",
    "city": "Madison",
    "state": "WI"
  },
  {
    "name": "Osmo Systems",
    "zip_code": "94612",
    "city": "Oakland",
    "state": "CA"
  },
  {
    "name": "Otherwild",
    "zip_code": "90063",
    "city": "Los Angeles",
    "state": "CA"
  },
  {
    "name": "Otherwild",
    "zip_code": "90027",
    "city": "Los Angeles",
    "state": "CA"
  },
  {
    "name": "Oz Images",
    "zip_code": "90015",
    "city": "Los Angeles",
    "state": "CA"
  },
  {
    "name": "Parsons Corporation",
    "zip_code": "91124",
    "city": "Pasadena",
    "state": "CA"
  },
  {
    "name": "Pat N. Lewis Illustration",
    "zip_code": "15216",
    "city": "Pittsburgh",
    "state": "PA"
  },
  {
    "name": "PatchworkLaboratory",
    "zip_code": "77554",
    "city": "Galveston",
    "state": "TX"
  },
  {
    "name": "Paul Vozdic Photography",
    "zip_code": "97201",
    "city": "Portland",
    "state": "OR"
  },
  {
    "name": "PAXy",
    "zip_code": "33134",
    "city": "Miami",
    "state": "FL"
  },
  {
    "name": "PAXy",
    "zip_code": "33134",
    "city": "Miami",
    "state": "FL"
  },
  {
    "name": "PC911, LLC",
    "zip_code": "96750",
    "city": "Kealakekua",
    "state": "HI"
  },
  {
    "name": "Pear Deck",
    "zip_code": "52240",
    "city": "Iowa City",
    "state": "IA"
  },
  {
    "name": "Peel and Company",
    "zip_code": "70130",
    "city": "New Orleans",
    "state": "LA"
  },
  {
    "name": "Pelican Bay Vacations",
    "zip_code": "32459",
    "city": "Santa Rosa Beach",
    "state": "FL"
  },
  {
    "name": "Perry Harris Plumbing and Heating",
    "zip_code": "10918",
    "city": "Chester",
    "state": "NY"
  },
  {
    "name": "PG&E",
    "zip_code": "95405",
    "city": "Santa Rosa",
    "state": "CA"
  },
  {
    "name": "planet k",
    "zip_code": "78711",
    "city": "Austin",
    "state": "TX"
  },
  {
    "name": "Point of View Productions",
    "zip_code": "94110",
    "city": "San Francisco",
    "state": "CA"
  },
  {
    "name": "Post & Gleam",
    "zip_code": "91360-2058",
    "city": "Thousand Oaks",
    "state": "CA"
  },
  {
    "name": "Povia Paints",
    "zip_code": "33912",
    "city": "Fort Myers",
    "state": "FL"
  },
  {
    "name": "Pride Automotive",
    "zip_code": "14701",
    "city": "Jamestown",
    "state": "NY"
  },
  {
    "name": "Pro PDR, llc",
    "zip_code": "75023",
    "city": "Plano",
    "state": "TX"
  },
  {
    "name": "Pro-Audio Mobile DJs",
    "zip_code": "37918",
    "city": "Knoxville",
    "state": "TN"
  },
  {
    "name": "Progressive Promotions Inc.",
    "zip_code": "80211",
    "city": "Denver",
    "state": "CO"
  },
  {
    "name": "Prosenergy",
    "zip_code": "90808",
    "city": "Long Beach",
    "state": "CA"
  },
  {
    "name": "Protege Arts, LLC",
    "zip_code": "53029",
    "city": "Hartland",
    "state": "WI"
  },
  {
    "name": "Protomation Systems, LLC.",
    "zip_code": "91505",
    "city": "Burbank",
    "state": "CA"
  },
  {
    "name": "Provincetown Art Association &",
    "zip_code": "02657",
    "city": "Provincetown",
    "state": "MA"
  },
  {
    "name": "Pucks and Recreation",
    "zip_code": "27707",
    "city": "Durham",
    "state": "NC"
  },
  {
    "name": "Pulse Of Prophets",
    "zip_code": "80222",
    "city": "Denver",
    "state": "CO"
  },
  {
    "name": "PVD Products, Inc",
    "zip_code": "01887-1188",
    "city": "Wilmington",
    "state": "MA"
  },
  {
    "name": "Queridomundo Desig",
    "zip_code": "94601",
    "city": "Oakland",
    "state": "CA"
  },
  {
    "name": "Quill Books & Beverage",
    "zip_code": "04092",
    "city": "Westbrook",
    "state": "ME"
  },
  {
    "name": "R&R Furniture",
    "zip_code": "78758",
    "city": "Austin",
    "state": "TX"
  },
  {
    "name": "Rachel Brennan, LLC",
    "zip_code": "80236",
    "city": "Denver",
    "state": "CO"
  },
  {
    "name": "Radiant PPC",
    "zip_code": "97756",
    "city": "Redmond",
    "state": "OR"
  },
  {
    "name": "RAM Computer Repair",
    "zip_code": "70402",
    "city": "Hammond",
    "state": "LA"
  },
  {
    "name": "Recycling Retro",
    "zip_code": "04579",
    "city": "Woolwich",
    "state": "ME"
  },
  {
    "name": "Red Mountain Healthcare",
    "zip_code": "81122",
    "city": "Bayfield",
    "state": "CO"
  },
  {
    "name": "Repperio",
    "zip_code": "22203",
    "city": "Arlington",
    "state": "VA"
  },
  {
    "name": "Revelation in Fit",
    "zip_code": "94611",
    "city": "Oakland",
    "state": "CA"
  },
  {
    "name": "Revo Technologies",
    "zip_code": "84107",
    "city": "Salt Lake City",
    "state": "UT"
  },
  {
    "name": "Rico Suave Magic",
    "zip_code": "90042",
    "city": "Los Angeles",
    "state": "CA"
  },
  {
    "name": "Ridgerunner Connections",
    "zip_code": "17740",
    "city": "Jersey Shore",
    "state": "PA"
  },
  {
    "name": "Right Angles Technologies Inc.",
    "zip_code": "90404",
    "city": "Santa Monica",
    "state": "CA"
  },
  {
    "name": "Rightpoint",
    "zip_code": "60606",
    "city": "Chicago",
    "state": "IL"
  },
  {
    "name": "Rising Sun Press Works",
    "zip_code": "87529",
    "city": "El Prado",
    "state": "NM"
  },
  {
    "name": "Robinson Rubber Products Co., Inc.",
    "zip_code": "55428",
    "city": "Minneapolis",
    "state": "MN"
  },
  {
    "name": "Roos Roast",
    "zip_code": "48104",
    "city": "Ann Arbor",
    "state": "MI"
  },
  {
    "name": "Rootwork.org",
    "zip_code": "97214",
    "city": "Portland",
    "state": "OR"
  },
  {
    "name": "Rugby Rules",
    "zip_code": "NSW 2040"
  },
  {
    "name": "Ryder Solutions",
    "zip_code": "75070",
    "city": "Mckinney",
    "state": "TX"
  },
  {
    "name": "S. Keith Collins, Attorney at Law",
    "zip_code": "00N/A"
  },
  {
    "name": "safety first electrical",
    "zip_code": "20722",
    "city": "Brentwood",
    "state": "MD"
  },
  {
    "name": "Samkoff Consulting",
    "zip_code": "17110",
    "city": "Harrisburg",
    "state": "PA"
  },
  {
    "name": "San Diego Vacation Rentals & Sales",
    "zip_code": "92109",
    "city": "San Diego",
    "state": "CA"
  },
  {
    "name": "sanctuary hill farms",
    "zip_code": "24121",
    "city": "Moneta",
    "state": "VA"
  },
  {
    "name": "Sandys Natural Solutions",
    "zip_code": "80231",
    "city": "Denver",
    "state": "CO"
  },
  {
    "name": "Sarah B Stewart, Psy.D., PLLC",
    "zip_code": "02138",
    "city": "Cambridge",
    "state": "MA"
  },
  {
    "name": "School",
    "zip_code": "05753",
    "city": "Middlebury",
    "state": "VT"
  },
  {
    "name": "Scott Law Firm",
    "zip_code": "52001",
    "city": "Dubuque",
    "state": "IA"
  },
  {
    "name": "Sculpteo Inc",
    "zip_code": "94577",
    "city": "San Leandro",
    "state": "CA"
  },
  {
    "name": "Sercos North America",
    "zip_code": "32459",
    "city": "Santa Rosa Beach",
    "state": "FL"
  },
  {
    "name": "Shewstone Publishing LLC",
    "zip_code": "02476",
    "city": "Arlington",
    "state": "MA"
  },
  {
    "name": "Shiatsu & Massage Center, Waikiki",
    "zip_code": "96815",
    "city": "Honolulu",
    "state": "HI"
  },
  {
    "name": "Sidekicks & Licks",
    "zip_code": "80536",
    "city": "Livermore",
    "state": "CO"
  },
  {
    "name": "Silver Lining Unlimited",
    "zip_code": "95073",
    "city": "Soquel",
    "state": "CA"
  },
  {
    "name": "Simple Energy, Inc.",
    "zip_code": "80302",
    "city": "Boulder",
    "state": "CO"
  },
  {
    "name": "Sincerely Styled",
    "zip_code": "45243",
    "city": "Cincinnati",
    "state": "OH"
  },
  {
    "name": "Skylandia Organic Farm",
    "zip_code": "04746",
    "city": "Grand Isle",
    "state": "ME"
  },
  {
    "name": "Sloppy Boys",
    "zip_code": "90004",
    "city": "Los Angeles",
    "state": "CA"
  },
  {
    "name": "Smartbridge",
    "zip_code": "77042",
    "city": "Houston",
    "state": "TX"
  },
  {
    "name": "Smith & Vansant Architects PC",
    "zip_code": "03755",
    "city": "Hanover",
    "state": "NH"
  },
  {
    "name": "Snap Synapse",
    "zip_code": "84665",
    "city": "Sterling",
    "state": "UT"
  },
  {
    "name": "Snap Synapse",
    "zip_code": "84665",
    "city": "Sterling",
    "state": "UT"
  },
  {
    "name": "Snowbound Books",
    "zip_code": "04957",
    "city": "Norridgewock",
    "state": "ME"
  },
  {
    "name": "Space Inch",
    "zip_code": "02907",
    "city": "Providence",
    "state": "RI"
  },
  {
    "name": "Spacedog XYZ LLC",
    "zip_code": "94612",
    "city": "Oakland",
    "state": "CA"
  },
  {
    "name": "Staffcheck LLC",
    "zip_code": "49418",
    "city": "Grandville",
    "state": "MI"
  },
  {
    "name": "StillPine LLC",
    "zip_code": "48189",
    "city": "Whitmore Lake",
    "state": "MI"
  },
  {
    "name": "Studio Portmanteau",
    "zip_code": "97527",
    "city": "Grants Pass",
    "state": "OR"
  },
  {
    "name": "SuccessZone Coaching",
    "zip_code": "81131",
    "city": "Crestone",
    "state": "CO"
  },
  {
    "name": "Sukima Productions",
    "zip_code": "62563",
    "city": "Rochester",
    "state": "IL"
  },
  {
    "name": "Sykophunk Productions",
    "zip_code": "46814-4503",
    "city": "Fort Wayne",
    "state": "IN"
  },
  {
    "name": "Technificent Solutions LLC",
    "zip_code": "22202",
    "city": "Arlington",
    "state": "VA"
  },
  {
    "name": "TekSystems",
    "zip_code": "85711",
    "city": "Tucson",
    "state": "AZ"
  },
  {
    "name": "Tellicherry Trading Co.",
    "zip_code": "80122",
    "city": "Littleton",
    "state": "CO"
  },
  {
    "name": "The Clearance Castle, LLC",
    "zip_code": "46147",
    "city": "Jamestown",
    "state": "IN"
  },
  {
    "name": "The Diabetes Initiative LLC",
    "zip_code": "84098",
    "city": "Park City",
    "state": "UT"
  },
  {
    "name": "The Jewelry Vault",
    "zip_code": "22853",
    "city": "Timberville",
    "state": "VA"
  },
  {
    "name": "The Key Man",
    "zip_code": "97526",
    "city": "Grants Pass",
    "state": "OR"
  },
  {
    "name": "The persistence of cats",
    "zip_code": "80301",
    "city": "Boulder",
    "state": "CO"
  },
  {
    "name": "The Scribe & Note",
    "zip_code": "45891",
    "city": "Van Wert",
    "state": "OH"
  },
  {
    "name": "The Suits",
    "zip_code": "85716",
    "city": "Tucson",
    "state": "AZ"
  },
  {
    "name": "The Waldo Tribune",
    "zip_code": "11963",
    "city": "Sag Harbor",
    "state": "NY"
  },
  {
    "name": "The Witty Gritty Paper Co.",
    "zip_code": "14150",
    "city": "Tonawanda",
    "state": "NY"
  },
  {
    "name": "Three Sisters",
    "zip_code": "95482",
    "city": "Ukiah",
    "state": "CA"
  },
  {
    "name": "Tigon Martial Arts",
    "zip_code": "01089",
    "city": "West Springfield",
    "state": "MA"
  },
  {
    "name": "Tiredhouse BNB, Frost Busters Ground thaw",
    "zip_code": "81201",
    "city": "Salida",
    "state": "CO"
  },
  {
    "name": "Tony Morrison Photography",
    "zip_code": "15201",
    "city": "Pittsburgh",
    "state": "PA"
  },
  {
    "name": "Torrey Schoolhouse B&B Inn",
    "zip_code": "84775",
    "city": "Torrey",
    "state": "UT"
  },
  {
    "name": "Total Party Kill Games",
    "zip_code": "53711",
    "city": "Madison",
    "state": "WI"
  },
  {
    "name": "Tracy L Morris, MS, LMFT-Associate",
    "zip_code": "77380",
    "city": "Spring",
    "state": "TX"
  },
  {
    "name": "True North Tutoring",
    "zip_code": "83616-2626",
    "city": "Eagle",
    "state": "ID"
  },
  {
    "name": "tx auto group",
    "zip_code": "77057",
    "city": "Houston",
    "state": "TX"
  },
  {
    "name": "Tylsavlatarco",
    "zip_code": "14830",
    "city": "Corning",
    "state": "NY"
  },
  {
    "name": "Ultra Lacrosse",
    "zip_code": "10509",
    "city": "Brewster",
    "state": "NY"
  },
  {
    "name": "UNIMOthings LLC",
    "zip_code": "84124",
    "city": "Salt Lake City",
    "state": "UT"
  },
  {
    "name": "Vagabond Music",
    "zip_code": "79852",
    "city": "Terlingua",
    "state": "TX"
  },
  {
    "name": "Vanward Statistics",
    "zip_code": "50249",
    "city": "Stratford",
    "state": "IA"
  },
  {
    "name": "Veg Box Meals",
    "zip_code": "85745",
    "city": "Tucson",
    "state": "AZ"
  },
  {
    "name": "Ventura Chiropractic",
    "zip_code": "93003",
    "city": "Ventura",
    "state": "CA"
  },
  {
    "name": "Venture Boxes, LLC",
    "zip_code": "33714",
    "city": "Saint Petersburg",
    "state": "FL"
  },
  {
    "name": "Victorian Elegance",
    "zip_code": "80020-2478",
    "city": "Broomfield",
    "state": "CO"
  },
  {
    "name": "Vital Pet vet Clinics and Mayhem Weather",
    "zip_code": "77339",
    "city": "Kingwood",
    "state": "TX"
  },
  {
    "name": "Wearhouse",
    "zip_code": "10023",
    "city": "New York",
    "state": "NY"
  },
  {
    "name": "Westring Construction LLC",
    "zip_code": "53704",
    "city": "Madison",
    "state": "WI"
  },
  {
    "name": "Willemshairartistry",
    "zip_code": "76108",
    "city": "Fort Worth",
    "state": "TX"
  },
  {
    "name": "Williams & Holz, P.A.",
    "zip_code": "32301",
    "city": "Tallahassee",
    "state": "FL"
  },
  {
    "name": "Wolfpack Security",
    "zip_code": "44243",
    "city": "Kent",
    "state": "OH"
  },
  {
    "name": "WoodRx",
    "zip_code": "33912",
    "city": "Fort Myers",
    "state": "FL"
  },
  {
    "name": "WorkHound",
    "zip_code": "50309",
    "city": "Des Moines",
    "state": "IA"
  },
  {
    "name": "Writerspace",
    "zip_code": "36608",
    "city": "Mobile",
    "state": "AL"
  },
  {
    "name": "Xyfir, LLC",
    "zip_code": "92058",
    "city": "Oceanside",
    "state": "CA"
  },
  {
    "name": "Yolk Baking Company",
    "zip_code": "48075",
    "city": "Southfield",
    "state": "MI"
  },
  {
    "name": "Zero Stress Technology",
    "zip_code": "12209",
    "city": "Albany",
    "state": "NY"
  }
]
